,seed_title,seed_url,seed_creator,seed_viewcount,seed_upload_date,rec_title,rec_url,rec_creator,rec_viewcount,rec_upload_date
0,Woman Easily Opens Jar After Watching Men Struggle,https://www.youtube.com/watch?v=GNMqW_YAE-E,Daily Dose Of Internet,"4,657,587","Apr 19, 2021",Colored iMacs? Let's Talk About Apple's 4/20 Event!,https://www.youtube.com//watch?v=vInUoPtg8m0,Marques Brownlee,3.2M,1 day ago
1,Woman Easily Opens Jar After Watching Men Struggle,https://www.youtube.com/watch?v=GNMqW_YAE-E,Daily Dose Of Internet,"4,657,587","Apr 19, 2021",I Spent 100 Days in a Parasite Apocalypse in Minecraft... Here's What Happened,https://www.youtube.com//watch?v=CxkvhxrJde0,Forge Labs,12M,5 days ago
2,Woman Easily Opens Jar After Watching Men Struggle,https://www.youtube.com/watch?v=GNMqW_YAE-E,Daily Dose Of Internet,"4,657,587","Apr 19, 2021",World's Weirdest Item | OT 26,https://www.youtube.com//watch?v=PAgQHcKMOIk,Dude Perfect,8.2M,3 days ago
3,Woman Easily Opens Jar After Watching Men Struggle,https://www.youtube.com/watch?v=GNMqW_YAE-E,Daily Dose Of Internet,"4,657,587","Apr 19, 2021",Horrible $39 Million Apartment,https://www.youtube.com//watch?v=PANHbjhnYdU,penguinz0,2M,3 days ago
4,Woman Easily Opens Jar After Watching Men Struggle,https://www.youtube.com/watch?v=GNMqW_YAE-E,Daily Dose Of Internet,"4,657,587","Apr 19, 2021","MORTAL KOMBAT ""Scorpion VS Sub-Zero"" Opening Scene (2021)",https://www.youtube.com//watch?v=VwU3SlQ723Q,ONE Media,15M,2 days ago
5,"MORTAL KOMBAT ""Scorpion VS Sub-Zero"" Opening Scene (2021)",https://www.youtube.com//watch?v=VwU3SlQ723Q,ONE Media,"15,315,846","Apr 20, 2021",Mortal Kombat |  Opening Seven Minutes  | HBO Max,https://www.youtube.com//watch?v=mKfzjGJu5do,HBO Max,758K,2 days ago
6,"MORTAL KOMBAT ""Scorpion VS Sub-Zero"" Opening Scene (2021)",https://www.youtube.com//watch?v=VwU3SlQ723Q,ONE Media,"15,315,846","Apr 20, 2021",Doctor Sleep (2019) KILL COUNT,https://www.youtube.com//watch?v=90MNvA5ozcI,Dead Meat,4.3M,3 months ago
7,"MORTAL KOMBAT ""Scorpion VS Sub-Zero"" Opening Scene (2021)",https://www.youtube.com//watch?v=VwU3SlQ723Q,ONE Media,"15,315,846","Apr 20, 2021",Legendary Fake Plays,https://www.youtube.com//watch?v=SSH93UwR9jE,Spor Delisi HD,13M,4 months ago
8,"MORTAL KOMBAT ""Scorpion VS Sub-Zero"" Opening Scene (2021)",https://www.youtube.com//watch?v=VwU3SlQ723Q,ONE Media,"15,315,846","Apr 20, 2021",Throwback Thursday: Racist Or Funny? | Gabriel Iglesias,https://www.youtube.com//watch?v=UDLpEQmdNZE,Gabriel Iglesias,9M,2 years ago
9,"MORTAL KOMBAT ""Scorpion VS Sub-Zero"" Opening Scene (2021)",https://www.youtube.com//watch?v=VwU3SlQ723Q,ONE Media,"15,315,846","Apr 20, 2021","MORTAL KOMBAT ""Sub-Zero VS Cole Young"" Trailer (NEW 2021) Action Movie HD",https://www.youtube.com//watch?v=Qz6VJN_mgp8,ONE Media,5.3M,1 week ago
10,Doctor Sleep (2019) KILL COUNT,https://www.youtube.com//watch?v=90MNvA5ozcI,Dead Meat,"4,379,128","Dec 27, 2020",Moonwalking in Paris...,https://www.youtube.com//watch?v=bhSZrU2F_i8,Steph Curry,46M,2 years ago
11,Doctor Sleep (2019) KILL COUNT,https://www.youtube.com//watch?v=90MNvA5ozcI,Dead Meat,"4,379,128","Dec 27, 2020","$10,000 Challenge",https://www.youtube.com//watch?v=hG8lvpNx8Oc,MrBeast Shorts,21M,7 months ago
12,Doctor Sleep (2019) KILL COUNT,https://www.youtube.com//watch?v=90MNvA5ozcI,Dead Meat,"4,379,128","Dec 27, 2020",The Mist (2007) KILL COUNT,https://www.youtube.com//watch?v=xRyPWG9PTm4,Dead Meat,14M,3 years ago
13,Doctor Sleep (2019) KILL COUNT,https://www.youtube.com//watch?v=90MNvA5ozcI,Dead Meat,"4,379,128","Dec 27, 2020",Scary Stories to Tell in the Dark (2019) KILL COUNT,https://www.youtube.com//watch?v=RLgCPXHDxQg,Dead Meat,7.8M,1 year ago
14,Doctor Sleep (2019) KILL COUNT,https://www.youtube.com//watch?v=90MNvA5ozcI,Dead Meat,"4,379,128","Dec 27, 2020",Jurassic World: Fallen Kingdom (2018) KILL COUNT,https://www.youtube.com//watch?v=mx3UCOaveJs,Dead Meat,7.5M,2 years ago
15,"$10,000 Challenge",https://www.youtube.com//watch?v=hG8lvpNx8Oc,MrBeast Shorts,"21,951,482","Sep 19, 2020",Fortnite's History of Glitches,https://www.youtube.com//watch?v=I-wFukdlOmM,Top5Gaming,1.5M,4 days ago
16,"$10,000 Challenge",https://www.youtube.com//watch?v=hG8lvpNx8Oc,MrBeast Shorts,"21,951,482","Sep 19, 2020","Solve This Riddle For $100,000 (Step 1)",https://www.youtube.com//watch?v=fZDUxJ-7Y4A,MrBeast 2,6.4M,8 months ago
17,"$10,000 Challenge",https://www.youtube.com//watch?v=hG8lvpNx8Oc,MrBeast Shorts,"21,951,482","Sep 19, 2020",I Surprised MrBeast With A Custom House,https://www.youtube.com//watch?v=YsUB1yZvVR4,ZHC,28M,3 months ago
18,"$10,000 Challenge",https://www.youtube.com//watch?v=hG8lvpNx8Oc,MrBeast Shorts,"21,951,482","Sep 19, 2020","Lamborghini Race, Winner Keeps Lamborghini",https://www.youtube.com//watch?v=KSKJKLmAqpI,MrBeast,56M,1 year ago
19,"$10,000 Challenge",https://www.youtube.com//watch?v=hG8lvpNx8Oc,MrBeast Shorts,"21,951,482","Sep 19, 2020",YOUTUBE vs TIKTOK: Guess Who Challenge,https://www.youtube.com//watch?v=8iEnlaw4_N0,FaZe Jarvis,1M,2 days ago
20,I Surprised MrBeast With A Custom House,https://www.youtube.com//watch?v=YsUB1yZvVR4,ZHC,"28,812,166","Dec 23, 2020",#short free fire ðŸ”¥ attitude status white444 ðŸ˜± Super Gameplay,https://www.youtube.com//watch?v=mRIfFL4eHTg,SPIKE FF,17M,3 months ago
21,I Surprised MrBeast With A Custom House,https://www.youtube.com//watch?v=YsUB1yZvVR4,ZHC,"28,812,166","Dec 23, 2020",I Spent 100 Days in a Zombie Apocalypse in Minecraft... Here's What Happened,https://www.youtube.com//watch?v=ChaVhbMyd4w,Forge Labs,24M,2 months ago
22,I Surprised MrBeast With A Custom House,https://www.youtube.com//watch?v=YsUB1yZvVR4,ZHC,"28,812,166","Dec 23, 2020","If I Give Away $10,000 The Video Ends",https://www.youtube.com//watch?v=Mblr3BDxEF0,MrBeast Shorts,15M,2 months ago
23,I Surprised MrBeast With A Custom House,https://www.youtube.com//watch?v=YsUB1yZvVR4,ZHC,"28,812,166","Dec 23, 2020",Worldâ€™s Largest Cup Tower,https://www.youtube.com//watch?v=YL1mCanx2lY,MrBeast Shorts,8.7M,4 days ago
24,I Surprised MrBeast With A Custom House,https://www.youtube.com//watch?v=YsUB1yZvVR4,ZHC,"28,812,166","Dec 23, 2020",I Spent 100 Days in a Parasite Apocalypse in Minecraft... Here's What Happened,https://www.youtube.com//watch?v=CxkvhxrJde0,Forge Labs,12M,5 days ago
25,I Spent 100 Days in a Parasite Apocalypse in Minecraft... Here's What Happened,https://www.youtube.com//watch?v=CxkvhxrJde0,Forge Labs,"12,096,213","Apr 17, 2021",Food Theory: How Long Could You SURVIVE Locked In A Grocery Store?,https://www.youtube.com//watch?v=KTKNl08hwUY,The Food Theorists,4.1M,5 days ago
26,I Spent 100 Days in a Parasite Apocalypse in Minecraft... Here's What Happened,https://www.youtube.com//watch?v=CxkvhxrJde0,Forge Labs,"12,096,213","Apr 17, 2021","Minecraft, But Enchants Are OP...",https://www.youtube.com//watch?v=x6C6SJQTnLI,TapL,4.2M,2 days ago
27,I Spent 100 Days in a Parasite Apocalypse in Minecraft... Here's What Happened,https://www.youtube.com//watch?v=CxkvhxrJde0,Forge Labs,"12,096,213","Apr 17, 2021","Minecraft, But Every Mob Is Random...",https://www.youtube.com//watch?v=mo9Xfz1TxpU,Wisp,2.7M,4 days ago
28,I Spent 100 Days in a Parasite Apocalypse in Minecraft... Here's What Happened,https://www.youtube.com//watch?v=CxkvhxrJde0,Forge Labs,"12,096,213","Apr 17, 2021",SHOWING A SCAMMER HIS OWN WEBCAM ON MY COMPUTER!,https://www.youtube.com//watch?v=o2ixj0m4F_E,Scambaiter,14M,2 weeks ago
29,I Spent 100 Days in a Parasite Apocalypse in Minecraft... Here's What Happened,https://www.youtube.com//watch?v=CxkvhxrJde0,Forge Labs,"12,096,213","Apr 17, 2021",47 Minecraft Block Facts You Possibly Didnâ€™t Know,https://www.youtube.com//watch?v=FyNyga7mwlc,Skip the Tutorial,2.1M,4 days ago
30,"Minecraft, But Every Mob Is Random...",https://www.youtube.com//watch?v=mo9Xfz1TxpU,Wisp,"2,786,515","Apr 18, 2021","Minecraft, But Enchants Are OP...",https://www.youtube.com//watch?v=x6C6SJQTnLI,TapL,4.2M,2 days ago
31,"Minecraft, But Every Mob Is Random...",https://www.youtube.com//watch?v=mo9Xfz1TxpU,Wisp,"2,786,515","Apr 18, 2021",If people sprinted instead of walked.,https://www.youtube.com//watch?v=i6BivEDgLEE,Daniel LaBelle,13M,9 months ago
32,"Minecraft, But Every Mob Is Random...",https://www.youtube.com//watch?v=mo9Xfz1TxpU,Wisp,"2,786,515","Apr 18, 2021",Mix - Wisp,https://www.youtube.com//watch?v=mo9Xfz1TxpU&list=RDCMUC0h07r_UgTD0Tc-Dn5XLX3g&start_radio=1,YouTube,,
33,"Minecraft, But Every Mob Is Random...",https://www.youtube.com//watch?v=mo9Xfz1TxpU,Wisp,"2,786,515","Apr 18, 2021","Would You Sit In Snakes For $10,000?",https://www.youtube.com//watch?v=fMfipiV_17o,MrBeast,38M,1 week ago
34,"Minecraft, But Every Mob Is Random...",https://www.youtube.com//watch?v=mo9Xfz1TxpU,Wisp,"2,786,515","Apr 18, 2021","Best Chocolate Art Wins $5,000 Challenge! | ZHC Crafts",https://www.youtube.com//watch?v=hZK-o2g6C0U,ZHC Crafts,354K,3 hours ago
35,"Best Chocolate Art Wins $5,000 Challenge! | ZHC Crafts",https://www.youtube.com//watch?v=hZK-o2g6C0U,ZHC Crafts,"354,052","Apr 22, 2021","I Ate A $70,000 Golden Pizza",https://www.youtube.com//watch?v=F4Y3Pkn95GI,MrBeast,92M,1 year ago
36,"Best Chocolate Art Wins $5,000 Challenge! | ZHC Crafts",https://www.youtube.com//watch?v=hZK-o2g6C0U,ZHC Crafts,"354,052","Apr 22, 2021","I Gave My 40,000,000th Subscriber 40 Cars",https://www.youtube.com//watch?v=UE5AHE2Ypr8,MrBeast,57M,7 months ago
37,"Best Chocolate Art Wins $5,000 Challenge! | ZHC Crafts",https://www.youtube.com//watch?v=hZK-o2g6C0U,ZHC Crafts,"354,052","Apr 22, 2021","Would You Risk $5,000 for $100,000?",https://www.youtube.com//watch?v=2O-9RmuiXog,MrBeast Gaming,23M,1 month ago
38,"Best Chocolate Art Wins $5,000 Challenge! | ZHC Crafts",https://www.youtube.com//watch?v=hZK-o2g6C0U,ZHC Crafts,"354,052","Apr 22, 2021","Last To Remove Hand, Wins House Challenge",https://www.youtube.com//watch?v=XaxhLbxZ13k,MrBeast,51M,2 years ago
39,"Best Chocolate Art Wins $5,000 Challenge! | ZHC Crafts",https://www.youtube.com//watch?v=hZK-o2g6C0U,ZHC Crafts,"354,052","Apr 22, 2021","Whatever You Build Using Magnets, I'll Pay For! | ZHC Crafts",https://www.youtube.com//watch?v=CDwBGPaLefA,ZHC Crafts,2.9M,3 days ago
40,"I Ate A $70,000 Golden Pizza",https://www.youtube.com//watch?v=F4Y3Pkn95GI,MrBeast,"92,995,605","Feb 29, 2020","I Gave My 40,000,000th Subscriber 40 Cars",https://www.youtube.com//watch?v=UE5AHE2Ypr8,MrBeast,57M,7 months ago
41,"I Ate A $70,000 Golden Pizza",https://www.youtube.com//watch?v=F4Y3Pkn95GI,MrBeast,"92,995,605","Feb 29, 2020",I Opened A Restaurant That Pays You To Eat At It,https://www.youtube.com//watch?v=dg2Ag3e8W-Q,MrBeast,57M,4 months ago
42,"I Ate A $70,000 Golden Pizza",https://www.youtube.com//watch?v=F4Y3Pkn95GI,MrBeast,"92,995,605","Feb 29, 2020",CAN I BEAT The WORLDS HARDEST QUIZ,https://www.youtube.com//watch?v=oNMvBx6UgJE,SSundee,6M,1 year ago
43,"I Ate A $70,000 Golden Pizza",https://www.youtube.com//watch?v=F4Y3Pkn95GI,MrBeast,"92,995,605","Feb 29, 2020",Anything You Can Fit In The Circle Iâ€™ll Pay For,https://www.youtube.com//watch?v=yXWw0_UfSFg,MrBeast,106M,1 year ago
44,"I Ate A $70,000 Golden Pizza",https://www.youtube.com//watch?v=F4Y3Pkn95GI,MrBeast,"92,995,605","Feb 29, 2020","I Bought The World's Largest Mystery Box! ($500,000)",https://www.youtube.com//watch?v=ayXxwJJId_c,MrBeast,42M,2 weeks ago
45,I Opened A Restaurant That Pays You To Eat At It,https://www.youtube.com//watch?v=dg2Ag3e8W-Q,MrBeast,"57,735,543","Dec 19, 2020","I Gave People $1,000,000 But ONLY 1 Minute To Spend It!",https://www.youtube.com//watch?v=LeYsRMZFUq0,MrBeast,61M,4 months ago
46,I Opened A Restaurant That Pays You To Eat At It,https://www.youtube.com//watch?v=dg2Ag3e8W-Q,MrBeast,"57,735,543","Dec 19, 2020","Lamborghini Race, Winner Keeps Lamborghini",https://www.youtube.com//watch?v=KSKJKLmAqpI,MrBeast,56M,1 year ago
47,I Opened A Restaurant That Pays You To Eat At It,https://www.youtube.com//watch?v=dg2Ag3e8W-Q,MrBeast,"57,735,543","Dec 19, 2020",I Opened A FREE BANK,https://www.youtube.com//watch?v=ORUX1lHbOa8,MrBeast,54M,1 year ago
48,I Opened A Restaurant That Pays You To Eat At It,https://www.youtube.com//watch?v=dg2Ag3e8W-Q,MrBeast,"57,735,543","Dec 19, 2020","I Made a $20,000 Among Us Challenge!",https://www.youtube.com//watch?v=EpDW81KxMRY,MrBeast Gaming,20M,6 months ago
49,I Opened A Restaurant That Pays You To Eat At It,https://www.youtube.com//watch?v=dg2Ag3e8W-Q,MrBeast,"57,735,543","Dec 19, 2020",I Spent 50 Hours Buried Alive,https://www.youtube.com//watch?v=9bqk6ZUsKyA,MrBeast,71M,3 weeks ago
50,"I Made a $20,000 Among Us Challenge!",https://www.youtube.com//watch?v=EpDW81KxMRY,MrBeast Gaming,"20,079,395","Oct 21, 2020","I Made a $100,000 Among Us Tournament!",https://www.youtube.com//watch?v=qTolSU-2aXk,MrBeast Gaming,29M,4 months ago
51,"I Made a $20,000 Among Us Challenge!",https://www.youtube.com//watch?v=EpDW81KxMRY,MrBeast Gaming,"20,079,395","Oct 21, 2020","I Made a $50,000 Player Building Competition!",https://www.youtube.com//watch?v=j8Cli3mEpJY,MrBeast Gaming,18M,5 months ago
52,"I Made a $20,000 Among Us Challenge!",https://www.youtube.com//watch?v=EpDW81KxMRY,MrBeast Gaming,"20,079,395","Oct 21, 2020",Worldâ€™s Largest Explosion!,https://www.youtube.com//watch?v=ABTdTTnnEU8,MrBeast Gaming,26M,2 weeks ago
53,"I Made a $20,000 Among Us Challenge!",https://www.youtube.com//watch?v=EpDW81KxMRY,MrBeast Gaming,"20,079,395","Oct 21, 2020","Last to Survive Random Blocks wins $10,000 - Challenge",https://www.youtube.com//watch?v=CSSsPVweLkc,MrBeast Gaming,15M,11 months ago
54,"I Made a $20,000 Among Us Challenge!",https://www.youtube.com//watch?v=EpDW81KxMRY,MrBeast Gaming,"20,079,395","Oct 21, 2020","$10,000 For Every Diamond!",https://www.youtube.com//watch?v=wnWbb3_U9Gc,MrBeast Gaming,4.3M,7 hours ago
55,Worldâ€™s Largest Explosion!,https://www.youtube.com//watch?v=ABTdTTnnEU8,MrBeast Gaming,"26,820,182","Apr 7, 2021","Minecraft, But Every Mob Is Lucky...",https://www.youtube.com//watch?v=sZl_sP4SrZ8,xNestorio,2.3M,1 week ago
56,Worldâ€™s Largest Explosion!,https://www.youtube.com//watch?v=ABTdTTnnEU8,MrBeast Gaming,"26,820,182","Apr 7, 2021","Minecraft, But Everything is Random!",https://www.youtube.com//watch?v=lghlkDA1gVY,MrBeast Gaming,45M,8 months ago
57,Worldâ€™s Largest Explosion!,https://www.youtube.com//watch?v=ABTdTTnnEU8,MrBeast Gaming,"26,820,182","Apr 7, 2021","Donating $100,000 To Twitch Streamers!",https://www.youtube.com//watch?v=Z5TQBkJJlFE,MrBeast Gaming,12M,4 weeks ago
58,Worldâ€™s Largest Explosion!,https://www.youtube.com//watch?v=ABTdTTnnEU8,MrBeast Gaming,"26,820,182","Apr 7, 2021",I Made a 100 Island Building Competition!,https://www.youtube.com//watch?v=4xCRT_jTJg0,MrBeast Gaming,31M,7 months ago
59,Worldâ€™s Largest Explosion!,https://www.youtube.com//watch?v=ABTdTTnnEU8,MrBeast Gaming,"26,820,182","Apr 7, 2021","Minecraft, But It's Only One Block!",https://www.youtube.com//watch?v=jl7whFSiE0Q,MrBeast Gaming,28M,4 months ago
60,"Minecraft, But Everything is Random!",https://www.youtube.com//watch?v=lghlkDA1gVY,MrBeast Gaming,"45,010,920","Aug 2, 2020","$10,000 World Height Jump Challenge!",https://www.youtube.com//watch?v=Zi2j4tSZiWM,MrBeast Gaming,26M,9 months ago
61,"Minecraft, But Everything is Random!",https://www.youtube.com//watch?v=lghlkDA1gVY,MrBeast Gaming,"45,010,920","Aug 2, 2020","Minecraft, But Every Minute There's Random Chaos!",https://www.youtube.com//watch?v=D1eZybtieJM,MrBeast Gaming,19M,5 months ago
62,"Minecraft, But Everything is Random!",https://www.youtube.com//watch?v=lghlkDA1gVY,MrBeast Gaming,"45,010,920","Aug 2, 2020",7 Ways to Steal My Little Brother's Netherite in Minecraft!,https://www.youtube.com//watch?v=JSmT5GRZSSg,PrestonPlayz,1.9M,6 days ago
63,"Minecraft, But Everything is Random!",https://www.youtube.com//watch?v=lghlkDA1gVY,MrBeast Gaming,"45,010,920","Aug 2, 2020",Things in Minecraft that make NO sense!,https://www.youtube.com//watch?v=UQySK6E13V8,Grian,2.4M,1 week ago
64,"Minecraft, But Everything is Random!",https://www.youtube.com//watch?v=lghlkDA1gVY,MrBeast Gaming,"45,010,920","Aug 2, 2020","Minecraft, But There Are Custom Enchants...",https://www.youtube.com//watch?v=qrYilpW68Zs,TapL,7M,1 week ago
65,"Minecraft, But Every Minute There's Random Chaos!",https://www.youtube.com//watch?v=D1eZybtieJM,MrBeast Gaming,"19,012,883","Nov 19, 2020","100 Players, But Lava Rises Every Minute!",https://www.youtube.com//watch?v=TU99gX7NGZ8,MrBeast Gaming,25M,4 months ago
66,"Minecraft, But Every Minute There's Random Chaos!",https://www.youtube.com//watch?v=D1eZybtieJM,MrBeast Gaming,"19,012,883","Nov 19, 2020","Extreme $20,000 Fall Guys Challenge!",https://www.youtube.com//watch?v=y4SQtg0G-2Y,MrBeast Gaming,24M,8 months ago
67,"Minecraft, But Every Minute There's Random Chaos!",https://www.youtube.com//watch?v=D1eZybtieJM,MrBeast Gaming,"19,012,883","Nov 19, 2020",Jumping 6323 Blocks to Break a Minecraft Record,https://www.youtube.com//watch?v=kNGueZmEuUM,Dom,2.2M,5 days ago
68,"Minecraft, But Every Minute There's Random Chaos!",https://www.youtube.com//watch?v=D1eZybtieJM,MrBeast Gaming,"19,012,883","Nov 19, 2020","I Bought The World's Largest Mystery Box! ($500,000)",https://www.youtube.com//watch?v=ayXxwJJId_c,MrBeast,42M,2 weeks ago
69,"Minecraft, But Every Minute There's Random Chaos!",https://www.youtube.com//watch?v=D1eZybtieJM,MrBeast Gaming,"19,012,883","Nov 19, 2020",Mix - MrBeast Gaming,https://www.youtube.com//watch?v=D1eZybtieJM&list=RDCMUCIPPMRA040LQr5QPyJEbmXA&start_radio=1,YouTube,,
70,Jumping 6323 Blocks to Break a Minecraft Record,https://www.youtube.com//watch?v=kNGueZmEuUM,Dom,"2,272,237","Apr 17, 2021",World's Weirdest Item | OT 26,https://www.youtube.com//watch?v=PAgQHcKMOIk,Dude Perfect,8.2M,3 days ago
71,Jumping 6323 Blocks to Break a Minecraft Record,https://www.youtube.com//watch?v=kNGueZmEuUM,Dom,"2,272,237","Apr 17, 2021","Minecraft, But Enchants Are OP...",https://www.youtube.com//watch?v=x6C6SJQTnLI,TapL,4.3M,2 days ago
72,Jumping 6323 Blocks to Break a Minecraft Record,https://www.youtube.com//watch?v=kNGueZmEuUM,Dom,"2,272,237","Apr 17, 2021",47 Minecraft Block Facts You Possibly Didnâ€™t Know,https://www.youtube.com//watch?v=FyNyga7mwlc,Skip the Tutorial,2.1M,4 days ago
73,Jumping 6323 Blocks to Break a Minecraft Record,https://www.youtube.com//watch?v=kNGueZmEuUM,Dom,"2,272,237","Apr 17, 2021",OFFICIAL SSundee MOMMY ROLE (Among Us),https://www.youtube.com//watch?v=bR0wgrBPiPI,SSundee,3.8M,3 days ago
74,Jumping 6323 Blocks to Break a Minecraft Record,https://www.youtube.com//watch?v=kNGueZmEuUM,Dom,"2,272,237","Apr 17, 2021",Fortnite's History of Glitches,https://www.youtube.com//watch?v=I-wFukdlOmM,Top5Gaming,1.5M,4 days ago
75,World's Weirdest Item | OT 26,https://www.youtube.com//watch?v=PAgQHcKMOIk,Dude Perfect,"8,254,829","Apr 19, 2021",I Ate A $1000 Golden Cookie,https://www.youtube.com//watch?v=GDURQl8owKI,MrBeast Shorts,9.4M,1 month ago
76,World's Weirdest Item | OT 26,https://www.youtube.com//watch?v=PAgQHcKMOIk,Dude Perfect,"8,254,829","Apr 19, 2021","$300,000 Influencer Trivia Tournament!",https://www.youtube.com//watch?v=1V_03efSkg0,MrBeast,36M,Streamed 6 months ago
77,World's Weirdest Item | OT 26,https://www.youtube.com//watch?v=PAgQHcKMOIk,Dude Perfect,"8,254,829","Apr 19, 2021","Last To Leave $800,000 Island Keeps It",https://www.youtube.com//watch?v=NkE0AMGzpJY,MrBeast,77M,8 months ago
78,World's Weirdest Item | OT 26,https://www.youtube.com//watch?v=PAgQHcKMOIk,Dude Perfect,"8,254,829","Apr 19, 2021",Worldâ€™s Largest Cup Tower,https://www.youtube.com//watch?v=YL1mCanx2lY,MrBeast Shorts,8.7M,4 days ago
79,World's Weirdest Item | OT 26,https://www.youtube.com//watch?v=PAgQHcKMOIk,Dude Perfect,"8,254,829","Apr 19, 2021",OFFICIAL SSundee MOMMY ROLE (Among Us),https://www.youtube.com//watch?v=bR0wgrBPiPI,SSundee,3.8M,3 days ago
80,"$300,000 Influencer Trivia Tournament!",https://www.youtube.com//watch?v=1V_03efSkg0,MrBeast,"36,319,001","Streamed live on Oct 17, 2020","Extreme $100,000 Game of Tag!",https://www.youtube.com//watch?v=WcwGleN38zE,MrBeast,30M,5 days ago
81,"$300,000 Influencer Trivia Tournament!",https://www.youtube.com//watch?v=1V_03efSkg0,MrBeast,"36,319,001","Streamed live on Oct 17, 2020","Would You Rather Have A Giant Diamond or $100,000?",https://www.youtube.com//watch?v=Vl3swga-Xrk,MrBeast,54M,6 months ago
82,"$300,000 Influencer Trivia Tournament!",https://www.youtube.com//watch?v=1V_03efSkg0,MrBeast,"36,319,001","Streamed live on Oct 17, 2020","$200,000 Youtuber Battle Royale",https://www.youtube.com//watch?v=ZV7rU6lnAKQ,MrBeast,41M,2 years ago
83,"$300,000 Influencer Trivia Tournament!",https://www.youtube.com//watch?v=1V_03efSkg0,MrBeast,"36,319,001","Streamed live on Oct 17, 2020",Fortnite's History of Glitches,https://www.youtube.com//watch?v=I-wFukdlOmM,Top5Gaming,1.5M,4 days ago
84,"$300,000 Influencer Trivia Tournament!",https://www.youtube.com//watch?v=1V_03efSkg0,MrBeast,"36,319,001","Streamed live on Oct 17, 2020","Would You Sit In Snakes For $10,000?",https://www.youtube.com//watch?v=fMfipiV_17o,MrBeast,38M,1 week ago
85,"Would You Rather Have A Giant Diamond or $100,000?",https://www.youtube.com//watch?v=Vl3swga-Xrk,MrBeast,"54,875,974","Sep 26, 2020",Live Scallops,https://www.youtube.com//watch?v=ALZUHYTweI4,Nick DiGiovanni,4.3M,2 months ago
86,"Would You Rather Have A Giant Diamond or $100,000?",https://www.youtube.com//watch?v=Vl3swga-Xrk,MrBeast,"54,875,974","Sep 26, 2020",Mix - MrBeast,https://www.youtube.com//watch?v=Vl3swga-Xrk&list=RDCMUCX6OQ3DkcsbYNE6H8uQQuVA&start_radio=1,YouTube,,
87,"Would You Rather Have A Giant Diamond or $100,000?",https://www.youtube.com//watch?v=Vl3swga-Xrk,MrBeast,"54,875,974","Sep 26, 2020",I Went Back To 1st Grade For A Day,https://www.youtube.com//watch?v=A-vX1AGBGsc,MrBeast,94M,2 years ago
88,"Would You Rather Have A Giant Diamond or $100,000?",https://www.youtube.com//watch?v=Vl3swga-Xrk,MrBeast,"54,875,974","Sep 26, 2020",Anything You Can Fit In The Circle Iâ€™ll Pay For,https://www.youtube.com//watch?v=yXWw0_UfSFg,MrBeast,106M,1 year ago
89,"Would You Rather Have A Giant Diamond or $100,000?",https://www.youtube.com//watch?v=Vl3swga-Xrk,MrBeast,"54,875,974","Sep 26, 2020","I Spent $1,000,000 On Lottery Tickets and WON",https://www.youtube.com//watch?v=5V2B28OqfqM,MrBeast,42M,8 months ago
90,"Would You Rather Have $100,000 OR This Mystery Key?",https://www.youtube.com//watch?v=Vl3swga-Xrk&list=RDCMUCX6OQ3DkcsbYNE6H8uQQuVA&start_radio=1,MrBeast,"76,822,472","Jun 13, 2020",I Adopted EVERY Dog In A Dog Shelter,https://www.youtube.com//watch?v=YQDDm9HLkV4&list=RDCMUCX6OQ3DkcsbYNE6H8uQQuVA&index=15,"
",,
91,"Would You Rather Have $100,000 OR This Mystery Key?",https://www.youtube.com//watch?v=Vl3swga-Xrk&list=RDCMUCX6OQ3DkcsbYNE6H8uQQuVA&start_radio=1,MrBeast,"76,822,472","Jun 13, 2020","Steal This $100,000 Diamond, You Keep It",https://www.youtube.com//watch?v=Dc2ZRmuH5OM&list=RDCMUCX6OQ3DkcsbYNE6H8uQQuVA&index=3,"
",,
92,"Would You Rather Have $100,000 OR This Mystery Key?",https://www.youtube.com//watch?v=Vl3swga-Xrk&list=RDCMUCX6OQ3DkcsbYNE6H8uQQuVA&start_radio=1,MrBeast,"76,822,472","Jun 13, 2020","I Broke Into A House And Left $50,000",https://www.youtube.com//watch?v=OAbP-V6fEVc&list=RDCMUCX6OQ3DkcsbYNE6H8uQQuVA&index=13,"
",,
93,"Would You Rather Have $100,000 OR This Mystery Key?",https://www.youtube.com//watch?v=Vl3swga-Xrk&list=RDCMUCX6OQ3DkcsbYNE6H8uQQuVA&start_radio=1,MrBeast,"76,822,472","Jun 13, 2020",I Spent 50 Hours In Solitary Confinement,https://www.youtube.com//watch?v=r7zJ8srwwjk&list=RDCMUCX6OQ3DkcsbYNE6H8uQQuVA&index=10,"
",,
94,"Would You Rather Have $100,000 OR This Mystery Key?",https://www.youtube.com//watch?v=Vl3swga-Xrk&list=RDCMUCX6OQ3DkcsbYNE6H8uQQuVA&start_radio=1,MrBeast,"76,822,472","Jun 13, 2020",I Built The World's Largest Lego Tower,https://www.youtube.com//watch?v=59AYXzCa-Cs&list=RDCMUCX6OQ3DkcsbYNE6H8uQQuVA&index=20,"
",,
